Feature,Coefficient
Intercept,4716708.779342723
area,454519.47670008475
bedrooms,94916.70123083564
bathrooms,460489.3925604302
stories,409315.9723114992
parking,232168.4551626546
mainroad_yes,180631.15207713156
guestroom_yes,125209.63964237306
basement_yes,154581.24624110002
hotwaterheating_yes,203729.2716962113
airconditioning_yes,380418.992979342
prefarea_yes,280590.14620337787
furnishingstatus_semi-furnished,-11768.524594874903
furnishingstatus_unfurnished,-177787.15882106245
